file;contesto;categoria;personaggi;mezzi;tag
manga-rookie-kart-scrapyard-workshop-sunrise.png;rookie e meccanico spingono kart recuperato dall'officina al circuito giapponese all'alba;anime-scena;pilota-team;kart 4 tempi;anime-scena,pilota-team,kart,4-tempi,officina,alba,giappone,career
activity-pilota-corsa-aperto.png;activity pilota corsa aperto;anime-scena;pilota-team;motorsport;anime-scena,pilota-team,motorsport,anime,manga,career
activity-pilota-lavoro.png;activity pilota lavoro;anime-scena;pilota-team;motorsport;anime-scena,pilota-team,motorsport,anime,manga,career
activity-pilota-massaggio-fisioterapia.png;activity pilota massaggio fisioterapia;anime-scena;pilota-team;motorsport;anime-scena,pilota-team,motorsport,anime,manga,career
activity-pilota-palestra.png;activity pilota palestra;anime-scena;pilota-team;motorsport;anime-scena,pilota-team,motorsport,anime,manga,career
activity-pilota-pr.png;activity pilota pr;anime-scena;pilota-team;motorsport;anime-scena,pilota-team,motorsport,anime,manga,career
activity-pilota-riposo-casa.png;activity pilota riposo casa;anime-scena;pilota-team;motorsport;anime-scena,pilota-team,motorsport,anime,manga,career
activity-pilota-social.png;activity pilota social;anime-scena;pilota-team;motorsport;anime-scena,pilota-team,motorsport,anime,manga,career
activity-pilota-tifosi.png;activity pilota tifosi;anime-scena;pilota-team;motorsport;anime-scena,pilota-team,motorsport,anime,manga,career
anime-archive-001.png;archive 001;anime-scena;pilota-team;motorsport;anime-scena,pilota-team,motorsport,anime,manga,career
anime-archive-002.png;archive 002;anime-scena;pilota-team;motorsport;anime-scena,pilota-team,motorsport,anime,manga,career
anime-archive-003.png;archive 003;anime-scena;pilota-team;motorsport;anime-scena,pilota-team,motorsport,anime,manga,career
anime-archive-004.png;archive 004;anime-scena;pilota-team;motorsport;anime-scena,pilota-team,motorsport,anime,manga,career
anime-archive-005.png;archive 005;anime-scena;pilota-team;motorsport;anime-scena,pilota-team,motorsport,anime,manga,career
anime-archive-006.png;archive 006;anime-scena;pilota-team;motorsport;anime-scena,pilota-team,motorsport,anime,manga,career
anime-archive-007.png;archive 007;anime-scena;pilota-team;motorsport;anime-scena,pilota-team,motorsport,anime,manga,career
anime-archive-008.png;archive 008;anime-scena;pilota-team;motorsport;anime-scena,pilota-team,motorsport,anime,manga,career
anime-archive-009.png;archive 009;anime-scena;pilota-team;motorsport;anime-scena,pilota-team,motorsport,anime,manga,career
anime-archive-010.png;archive 010;anime-scena;pilota-team;motorsport;anime-scena,pilota-team,motorsport,anime,manga,career
anime-archive-011.png;archive 011;anime-scena;pilota-team;motorsport;anime-scena,pilota-team,motorsport,anime,manga,career
anime-archive-012.png;archive 012;anime-scena;pilota-team;motorsport;anime-scena,pilota-team,motorsport,anime,manga,career
anime-archive-013.png;archive 013;anime-scena;pilota-team;motorsport;anime-scena,pilota-team,motorsport,anime,manga,career
anime-archive-014.png;archive 014;anime-scena;pilota-team;motorsport;anime-scena,pilota-team,motorsport,anime,manga,career
anime-archive-015.png;archive 015;anime-scena;pilota-team;motorsport;anime-scena,pilota-team,motorsport,anime,manga,career
anime-archive-016.png;archive 016;anime-scena;pilota-team;motorsport;anime-scena,pilota-team,motorsport,anime,manga,career
anime-archive-017.png;archive 017;anime-scena;pilota-team;motorsport;anime-scena,pilota-team,motorsport,anime,manga,career
anime-archive-018.png;archive 018;anime-scena;pilota-team;motorsport;anime-scena,pilota-team,motorsport,anime,manga,career
anime-archive-019.png;archive 019;anime-scena;pilota-team;motorsport;anime-scena,pilota-team,motorsport,anime,manga,career
anime-archive-020.png;archive 020;anime-scena;pilota-team;motorsport;anime-scena,pilota-team,motorsport,anime,manga,career
anime-archive-021.png;archive 021;anime-scena;pilota-team;motorsport;anime-scena,pilota-team,motorsport,anime,manga,career
anime-archive-022.png;archive 022;anime-scena;pilota-team;motorsport;anime-scena,pilota-team,motorsport,anime,manga,career
anime-archive-023.png;archive 023;anime-scena;pilota-team;motorsport;anime-scena,pilota-team,motorsport,anime,manga,career
anime-archive-024.png;archive 024;anime-scena;pilota-team;motorsport;anime-scena,pilota-team,motorsport,anime,manga,career
anime-archive-025.png;archive 025;anime-scena;pilota-team;motorsport;anime-scena,pilota-team,motorsport,anime,manga,career
anime-archive-026.png;archive 026;anime-scena;pilota-team;motorsport;anime-scena,pilota-team,motorsport,anime,manga,career
anime-archive-027.png;archive 027;anime-scena;pilota-team;motorsport;anime-scena,pilota-team,motorsport,anime,manga,career
anime-archive-028.png;archive 028;anime-scena;pilota-team;motorsport;anime-scena,pilota-team,motorsport,anime,manga,career
anime-archive-029.png;archive 029;anime-scena;pilota-team;motorsport;anime-scena,pilota-team,motorsport,anime,manga,career
anime-archive-030.png;archive 030;anime-scena;pilota-team;motorsport;anime-scena,pilota-team,motorsport,anime,manga,career
anime-archive-031.png;archive 031;anime-scena;pilota-team;motorsport;anime-scena,pilota-team,motorsport,anime,manga,career
anime-archive-032.png;archive 032;anime-scena;pilota-team;motorsport;anime-scena,pilota-team,motorsport,anime,manga,career
anime-archive-033.png;archive 033;anime-scena;pilota-team;motorsport;anime-scena,pilota-team,motorsport,anime,manga,career
anime-archive-034.png;archive 034;anime-scena;pilota-team;motorsport;anime-scena,pilota-team,motorsport,anime,manga,career
anime-archive-035.png;archive 035;anime-scena;pilota-team;motorsport;anime-scena,pilota-team,motorsport,anime,manga,career
anime-archive-036.png;archive 036;anime-scena;pilota-team;motorsport;anime-scena,pilota-team,motorsport,anime,manga,career
anime-archive-037.png;archive 037;anime-scena;pilota-team;motorsport;anime-scena,pilota-team,motorsport,anime,manga,career
anime-archive-038.png;archive 038;anime-scena;pilota-team;motorsport;anime-scena,pilota-team,motorsport,anime,manga,career
anime-archive-039.png;archive 039;anime-scena;pilota-team;motorsport;anime-scena,pilota-team,motorsport,anime,manga,career
anime-archive-040.png;archive 040;anime-scena;pilota-team;motorsport;anime-scena,pilota-team,motorsport,anime,manga,career
anime-archive-041.png;archive 041;anime-scena;pilota-team;motorsport;anime-scena,pilota-team,motorsport,anime,manga,career
anime-archive-042.png;archive 042;anime-scena;pilota-team;motorsport;anime-scena,pilota-team,motorsport,anime,manga,career
anime-archive-043.png;archive 043;anime-scena;pilota-team;motorsport;anime-scena,pilota-team,motorsport,anime,manga,career
anime-archive-044.png;archive 044;anime-scena;pilota-team;motorsport;anime-scena,pilota-team,motorsport,anime,manga,career
anime-archive-045.png;archive 045;anime-scena;pilota-team;motorsport;anime-scena,pilota-team,motorsport,anime,manga,career
anime-archive-046.png;archive 046;anime-scena;pilota-team;motorsport;anime-scena,pilota-team,motorsport,anime,manga,career
anime-archive-047.png;archive 047;anime-scena;pilota-team;motorsport;anime-scena,pilota-team,motorsport,anime,manga,career
anime-archive-048.png;archive 048;anime-scena;pilota-team;motorsport;anime-scena,pilota-team,motorsport,anime,manga,career
anime-archive-049.png;archive 049;anime-scena;pilota-team;motorsport;anime-scena,pilota-team,motorsport,anime,manga,career
anime-archive-050.png;archive 050;anime-scena;pilota-team;motorsport;anime-scena,pilota-team,motorsport,anime,manga,career
anime-archive-051.png;archive 051;anime-scena;pilota-team;motorsport;anime-scena,pilota-team,motorsport,anime,manga,career
anime-archive-052.png;archive 052;anime-scena;pilota-team;motorsport;anime-scena,pilota-team,motorsport,anime,manga,career
anime-archive-053.png;archive 053;anime-scena;pilota-team;motorsport;anime-scena,pilota-team,motorsport,anime,manga,career
anime-archive-054.png;archive 054;anime-scena;pilota-team;motorsport;anime-scena,pilota-team,motorsport,anime,manga,career
anime-archive-055.png;archive 055;anime-scena;pilota-team;motorsport;anime-scena,pilota-team,motorsport,anime,manga,career
anime-archive-056.png;archive 056;anime-scena;pilota-team;motorsport;anime-scena,pilota-team,motorsport,anime,manga,career
anime-archive-057.png;archive 057;anime-scena;pilota-team;motorsport;anime-scena,pilota-team,motorsport,anime,manga,career
anime-archive-058.png;archive 058;anime-scena;pilota-team;motorsport;anime-scena,pilota-team,motorsport,anime,manga,career
anime-archive-059.png;archive 059;anime-scena;pilota-team;motorsport;anime-scena,pilota-team,motorsport,anime,manga,career
anime-archive-060.png;archive 060;anime-scena;pilota-team;motorsport;anime-scena,pilota-team,motorsport,anime,manga,career
anime-archive-061.png;archive 061;anime-scena;pilota-team;motorsport;anime-scena,pilota-team,motorsport,anime,manga,career
anime-archive-062.png;archive 062;anime-scena;pilota-team;motorsport;anime-scena,pilota-team,motorsport,anime,manga,career
anime-archive-063.png;archive 063;anime-scena;pilota-team;motorsport;anime-scena,pilota-team,motorsport,anime,manga,career
anime-archive-064.png;archive 064;anime-scena;pilota-team;motorsport;anime-scena,pilota-team,motorsport,anime,manga,career
anime-archive-065.png;archive 065;anime-scena;pilota-team;motorsport;anime-scena,pilota-team,motorsport,anime,manga,career
anime-archive-066.png;archive 066;anime-scena;pilota-team;motorsport;anime-scena,pilota-team,motorsport,anime,manga,career
anime-archive-067.png;archive 067;anime-scena;pilota-team;motorsport;anime-scena,pilota-team,motorsport,anime,manga,career
anime-archive-068.png;archive 068;anime-scena;pilota-team;motorsport;anime-scena,pilota-team,motorsport,anime,manga,career
anime-archive-069.png;archive 069;anime-scena;pilota-team;motorsport;anime-scena,pilota-team,motorsport,anime,manga,career
anime-archive-070.png;archive 070;anime-scena;pilota-team;motorsport;anime-scena,pilota-team,motorsport,anime,manga,career
anime-archive-071.png;archive 071;anime-scena;pilota-team;motorsport;anime-scena,pilota-team,motorsport,anime,manga,career
anime-archive-072.png;archive 072;anime-scena;pilota-team;motorsport;anime-scena,pilota-team,motorsport,anime,manga,career
anime-archive-073.png;archive 073;anime-scena;pilota-team;motorsport;anime-scena,pilota-team,motorsport,anime,manga,career
anime-archive-074.png;archive 074;anime-scena;pilota-team;motorsport;anime-scena,pilota-team,motorsport,anime,manga,career
anime-archive-075.png;archive 075;anime-scena;pilota-team;motorsport;anime-scena,pilota-team,motorsport,anime,manga,career
anime-archive-076.png;archive 076;anime-scena;pilota-team;motorsport;anime-scena,pilota-team,motorsport,anime,manga,career
anime-archive-077.png;archive 077;anime-scena;pilota-team;motorsport;anime-scena,pilota-team,motorsport,anime,manga,career
anime-archive-078.png;archive 078;anime-scena;pilota-team;motorsport;anime-scena,pilota-team,motorsport,anime,manga,career
anime-archive-079.png;archive 079;anime-scena;pilota-team;motorsport;anime-scena,pilota-team,motorsport,anime,manga,career
anime-archive-080.png;archive 080;anime-scena;pilota-team;motorsport;anime-scena,pilota-team,motorsport,anime,manga,career
anime-archive-081.png;archive 081;anime-scena;pilota-team;motorsport;anime-scena,pilota-team,motorsport,anime,manga,career
anime-archive-082.png;archive 082;anime-scena;pilota-team;motorsport;anime-scena,pilota-team,motorsport,anime,manga,career
anime-archive-083.png;archive 083;anime-scena;pilota-team;motorsport;anime-scena,pilota-team,motorsport,anime,manga,career
anime-archive-084.png;archive 084;anime-scena;pilota-team;motorsport;anime-scena,pilota-team,motorsport,anime,manga,career
anime-archive-085.png;archive 085;anime-scena;pilota-team;motorsport;anime-scena,pilota-team,motorsport,anime,manga,career
anime-archive-086.png;archive 086;anime-scena;pilota-team;motorsport;anime-scena,pilota-team,motorsport,anime,manga,career
anime-archive-087.png;archive 087;anime-scena;pilota-team;motorsport;anime-scena,pilota-team,motorsport,anime,manga,career
anime-archive-088.png;archive 088;anime-scena;pilota-team;motorsport;anime-scena,pilota-team,motorsport,anime,manga,career
anime-archive-089.png;archive 089;anime-scena;pilota-team;motorsport;anime-scena,pilota-team,motorsport,anime,manga,career
anime-archive-090.png;archive 090;anime-scena;pilota-team;motorsport;anime-scena,pilota-team,motorsport,anime,manga,career
anime-archive-091.png;archive 091;anime-scena;pilota-team;motorsport;anime-scena,pilota-team,motorsport,anime,manga,career
anime-archive-092.png;archive 092;anime-scena;pilota-team;motorsport;anime-scena,pilota-team,motorsport,anime,manga,career
anime-archive-093.png;archive 093;anime-scena;pilota-team;motorsport;anime-scena,pilota-team,motorsport,anime,manga,career
anime-archive-094.png;archive 094;anime-scena;pilota-team;motorsport;anime-scena,pilota-team,motorsport,anime,manga,career
anime-archive-095.png;archive 095;anime-scena;pilota-team;motorsport;anime-scena,pilota-team,motorsport,anime,manga,career
anime-archive-096.png;archive 096;anime-scena;pilota-team;motorsport;anime-scena,pilota-team,motorsport,anime,manga,career
anime-archive-097.png;archive 097;anime-scena;pilota-team;motorsport;anime-scena,pilota-team,motorsport,anime,manga,career
anime-archive-098.png;archive 098;anime-scena;pilota-team;motorsport;anime-scena,pilota-team,motorsport,anime,manga,career
anime-archive-099.png;archive 099;anime-scena;pilota-team;motorsport;anime-scena,pilota-team,motorsport,anime,manga,career
anime-archive-100.png;archive 100;anime-scena;pilota-team;motorsport;anime-scena,pilota-team,motorsport,anime,manga,career
anime-archive-101.png;archive 101;anime-scena;pilota-team;motorsport;anime-scena,pilota-team,motorsport,anime,manga,career
anime-archive-102.png;archive 102;anime-scena;pilota-team;motorsport;anime-scena,pilota-team,motorsport,anime,manga,career
anime-archive-103.png;archive 103;anime-scena;pilota-team;motorsport;anime-scena,pilota-team,motorsport,anime,manga,career
anime-archive-104.png;archive 104;anime-scena;pilota-team;motorsport;anime-scena,pilota-team,motorsport,anime,manga,career
anime-archive-105.png;archive 105;anime-scena;pilota-team;motorsport;anime-scena,pilota-team,motorsport,anime,manga,career
anime-archive-106.png;archive 106;anime-scena;pilota-team;motorsport;anime-scena,pilota-team,motorsport,anime,manga,career
anime-archive-107.png;archive 107;anime-scena;pilota-team;motorsport;anime-scena,pilota-team,motorsport,anime,manga,career
anime-archive-108.png;archive 108;anime-scena;pilota-team;motorsport;anime-scena,pilota-team,motorsport,anime,manga,career
anime-archive-109.png;archive 109;anime-scena;pilota-team;motorsport;anime-scena,pilota-team,motorsport,anime,manga,career
anime-archive-110.png;archive 110;anime-scena;pilota-team;motorsport;anime-scena,pilota-team,motorsport,anime,manga,career
anime-archive-111.png;archive 111;anime-scena;pilota-team;motorsport;anime-scena,pilota-team,motorsport,anime,manga,career
anime-archive-112.png;archive 112;anime-scena;pilota-team;motorsport;anime-scena,pilota-team,motorsport,anime,manga,career
anime-archive-113.png;archive 113;anime-scena;pilota-team;motorsport;anime-scena,pilota-team,motorsport,anime,manga,career
anime-archive-114.png;archive 114;anime-scena;pilota-team;motorsport;anime-scena,pilota-team,motorsport,anime,manga,career
anime-archive-115.png;archive 115;anime-scena;pilota-team;motorsport;anime-scena,pilota-team,motorsport,anime,manga,career
anime-archive-116.png;archive 116;anime-scena;pilota-team;motorsport;anime-scena,pilota-team,motorsport,anime,manga,career
anime-archive-117.png;archive 117;anime-scena;pilota-team;motorsport;anime-scena,pilota-team,motorsport,anime,manga,career
anime-archive-118.png;archive 118;anime-scena;pilota-team;motorsport;anime-scena,pilota-team,motorsport,anime,manga,career
anime-archive-119.png;archive 119;anime-scena;pilota-team;motorsport;anime-scena,pilota-team,motorsport,anime,manga,career
anime-archive-120.png;archive 120;anime-scena;pilota-team;motorsport;anime-scena,pilota-team,motorsport,anime,manga,career
anime-archive-121.png;archive 121;anime-scena;pilota-team;motorsport;anime-scena,pilota-team,motorsport,anime,manga,career
anime-archive-122.png;archive 122;anime-scena;pilota-team;motorsport;anime-scena,pilota-team,motorsport,anime,manga,career
anime-archive-123.png;archive 123;anime-scena;pilota-team;motorsport;anime-scena,pilota-team,motorsport,anime,manga,career
anime-archive-124.png;archive 124;anime-scena;pilota-team;motorsport;anime-scena,pilota-team,motorsport,anime,manga,career
anime-archive-125.png;archive 125;anime-scena;pilota-team;motorsport;anime-scena,pilota-team,motorsport,anime,manga,career
anime-archive-126.png;archive 126;anime-scena;pilota-team;motorsport;anime-scena,pilota-team,motorsport,anime,manga,career
anime-archive-127.png;archive 127;anime-scena;pilota-team;motorsport;anime-scena,pilota-team,motorsport,anime,manga,career
anime-archive-128.png;archive 128;anime-scena;pilota-team;motorsport;anime-scena,pilota-team,motorsport,anime,manga,career
anime-archive-129.png;archive 129;anime-scena;pilota-team;motorsport;anime-scena,pilota-team,motorsport,anime,manga,career
anime-archive-130.png;archive 130;anime-scena;pilota-team;motorsport;anime-scena,pilota-team,motorsport,anime,manga,career
anime-archive-131.png;archive 131;anime-scena;pilota-team;motorsport;anime-scena,pilota-team,motorsport,anime,manga,career
anime-archive-132.png;archive 132;anime-scena;pilota-team;motorsport;anime-scena,pilota-team,motorsport,anime,manga,career
anime-archive-133.png;archive 133;anime-scena;pilota-team;motorsport;anime-scena,pilota-team,motorsport,anime,manga,career
anime-archive-134.png;archive 134;anime-scena;pilota-team;motorsport;anime-scena,pilota-team,motorsport,anime,manga,career
anime-archive-135.png;archive 135;anime-scena;pilota-team;motorsport;anime-scena,pilota-team,motorsport,anime,manga,career
anime-archive-136.png;archive 136;anime-scena;pilota-team;motorsport;anime-scena,pilota-team,motorsport,anime,manga,career
anime-budget-trasferta-treno.png;budget trasferta treno;anime-scena;pilota-team;motorsport;anime-scena,pilota-team,motorsport,anime,manga,career
anime-calendario-campionato-garage.png;calendario campionato garage;anime-scena;pilota-team;motorsport;anime-scena,pilota-team,motorsport,anime,manga,career
anime-endurance-cambio-pilota-notte.png;endurance cambio pilota notte;endurance;pilota-team;endurance-prototype-gt;endurance,pilota-team,endurance-prototype-gt,anime,manga,career
anime-endurance-finish-alba.png;endurance finish alba;endurance;pilota-team;endurance-prototype-gt;endurance,pilota-team,endurance-prototype-gt,anime,manga,career
anime-endurance-pilota-pit-stanco.png;endurance pilota pit stanco;endurance;pilota-team;endurance-prototype-gt;endurance,pilota-team,endurance-prototype-gt,anime,manga,career
anime-formula2-contratto-team.png;formula2 contratto team;formula;pilota-team;formula-single-seater;formula,pilota-team,formula-single-seater,anime,manga,career
anime-formula2-debutto-griglia.png;formula2 debutto griglia;formula;pilota-team;formula-single-seater;formula,pilota-team,formula-single-seater,anime,manga,career
anime-formula3-primo-podio-professionale.png;formula3 primo podio professionale;formula;pilota-team;formula-single-seater;formula,pilota-team,formula-single-seater,anime,manga,career
anime-formula3-telemetria-pit-garage.png;formula3 telemetria pit garage;formula;pilota-team;formula-single-seater;formula,pilota-team,formula-single-seater,anime,manga,career
anime-formula4-gara-partenza-giappone.png;formula4 gara partenza giappone;formula;pilota-team;formula-single-seater;formula,pilota-team,formula-single-seater,anime,manga,career
anime-formula4-prove-partenza.png;formula4 prove partenza;formula;pilota-team;formula-single-seater;formula,pilota-team,formula-single-seater,anime,manga,career
anime-formula4-rookie-test-suzuka.png;formula4 rookie test suzuka;formula;pilota-team;formula-single-seater;formula,pilota-team,formula-single-seater,anime,manga,career
anime-genji-incoraggia-rookie.png;genji incoraggia rookie;anime-scena;genji-arakawa;motorsport;anime-scena,genji-arakawa,motorsport,anime,manga,career
anime-genji-regala-casco-usato.png;genji regala casco usato;anime-scena;genji-arakawa;motorsport;anime-scena,genji-arakawa,motorsport,anime,manga,career
anime-gt3-endurance-pioggia-notte.png;gt3 endurance pioggia notte;touring-gt;pilota-team;touring-gt;touring-gt,pilota-team,touring-gt,anime,manga,career
anime-gt-test-pioggia.png;gt test pioggia;touring-gt;pilota-team;touring-gt;touring-gt,pilota-team,touring-gt,anime,manga,career
anime-haru-gommista-rifiuto.png;haru gommista rifiuto;anime-scena;haru-senda;motorsport;anime-scena,haru-senda,motorsport,anime,manga,career
anime-haru-pagamento-sponsor.png;haru pagamento sponsor;anime-scena;haru-senda;motorsport;anime-scena,haru-senda,motorsport,anime,manga,career
anime-haru-ramen-sponsor-accordo.png;haru ramen sponsor accordo;anime-scena;haru-senda;motorsport;anime-scena,haru-senda,motorsport,anime,manga,career
anime-haru-sponsor-assicurazione-rifiuto.png;haru sponsor assicurazione rifiuto;anime-scena;haru-senda;motorsport;anime-scena,haru-senda,motorsport,anime,manga,career
anime-haru-sponsor-ferramenta-visita.png;haru sponsor ferramenta visita;anime-scena;haru-senda;motorsport;anime-scena,haru-senda,motorsport,anime,manga,career
anime-haru-sponsor-fruttivendolo-proposta.png;haru sponsor fruttivendolo proposta;anime-scena;haru-senda;motorsport;anime-scena,haru-senda,motorsport,anime,manga,career
anime-haru-sponsor-sushi-poke-incontro.png;haru sponsor sushi poke incontro;anime-scena;haru-senda;motorsport;anime-scena,haru-senda,motorsport,anime,manga,career
anime-haru-telefonata-sponsor-stazione.png;haru telefonata sponsor stazione;anime-scena;haru-senda;motorsport;anime-scena,haru-senda,motorsport,anime,manga,career
anime-haru-visita-gommista.png;haru visita gommista;anime-scena;haru-senda;motorsport;anime-scena,haru-senda,motorsport,anime,manga,career
anime-haru-visita-ramen-kizuna.png;haru visita ramen kizuna;anime-scena;haru-senda;motorsport;anime-scena,haru-senda,motorsport,anime,manga,career
anime-kart-controllo-gomme-tecnico.png;kart controllo gomme tecnico;kart;pilota-team;kart;kart,pilota-team,kart,anime,manga,career
anime-kart-duello-rivale-curva.png;kart duello rivale curva;kart;pilota-team;kart;kart,pilota-team,kart,anime,manga,career
anime-kart-gara-pioggia.png;kart gara pioggia;kart;pilota-team;kart;kart,pilota-team,kart,anime,manga,career
anime-kart-incidente-ala-danneggiata.png;kart incidente ala danneggiata;kart;pilota-team;kart;kart,pilota-team,kart,anime,manga,career
anime-kart-pit-stop-foratura.png;kart pit stop foratura;kart;pilota-team;kart;kart,pilota-team,kart,anime,manga,career
anime-kart-podio-mancato-delusione.png;kart podio mancato delusione;kart;pilota-team;kart;kart,pilota-team,kart,anime,manga,career
anime-kart-primo-sponsor-logo.png;kart primo sponsor logo;kart;pilota-team;kart;kart,pilota-team,kart,anime,manga,career
anime-kart-qualifica-estate.png;kart qualifica estate;kart;pilota-team;kart;kart,pilota-team,kart,anime,manga,career
anime-kart-rottami-motore-generatore.png;kart rottami motore generatore;kart;pilota-team;kart;kart,pilota-team,kart,anime,manga,career
anime-kart-spinta-pista-bagnata.png;kart spinta pista bagnata;kart;pilota-team;kart;kart,pilota-team,kart,anime,manga,career
anime-kart-vittoria-checkered-flag.png;kart vittoria checkered flag;kart;pilota-team;kart;kart,pilota-team,kart,anime,manga,career
anime-pilota-attivita-corsa-alba.png;pilota attivita corsa alba;anime-scena;pilota-team;motorsport;anime-scena,pilota-team,motorsport,anime,manga,career
anime-pilota-attivita-fisioterapia.png;pilota attivita fisioterapia;anime-scena;pilota-team;motorsport;anime-scena,pilota-team,motorsport,anime,manga,career
anime-pilota-attivita-incontro-tifosi.png;pilota attivita incontro tifosi;anime-scena;pilota-team;motorsport;anime-scena,pilota-team,motorsport,anime,manga,career
anime-pilota-attivita-officina.png;pilota attivita officina;anime-scena;pilota-team;motorsport;anime-scena,pilota-team,motorsport,anime,manga,career
anime-pilota-attivita-palestra.png;pilota attivita palestra;anime-scena;pilota-team;motorsport;anime-scena,pilota-team,motorsport,anime,manga,career
anime-pilota-attivita-relazioni-pubbliche.png;pilota attivita relazioni pubbliche;anime-scena;pilota-team;motorsport;anime-scena,pilota-team,motorsport,anime,manga,career
anime-pilota-attivita-riposo-casa.png;pilota attivita riposo casa;anime-scena;pilota-team;motorsport;anime-scena,pilota-team,motorsport,anime,manga,career
anime-pilota-attivita-social-post.png;pilota attivita social post;anime-scena;pilota-team;motorsport;anime-scena,pilota-team,motorsport,anime,manga,career
anime-primo-team-contratto-garage.png;primo team contratto garage;anime-scena;pilota-team;motorsport;anime-scena,pilota-team,motorsport,anime,manga,career
anime-rei-secondo-test-sollevata.png;rei secondo test sollevata;anime-scena;rei-kisaragi;motorsport;anime-scena,rei-kisaragi,motorsport,anime,manga,career
anime-rei-stopwatch-pitwall.png;rei stopwatch pitwall;anime-scena;rei-kisaragi;motorsport;anime-scena,rei-kisaragi,motorsport,anime,manga,career
anime-rei-telemetria-seria.png;rei telemetria seria;anime-scena;rei-kisaragi;motorsport;anime-scena,rei-kisaragi,motorsport,anime,manga,career
anime-riku-taunt-pole-kart.png;riku taunt pole kart;kart;riku-hayase;kart;kart,riku-hayase,kart,anime,manga,career
anime-rivale-prende-in-giro-rookie.png;rivale prende in giro rookie;anime-scena;pilota-team;motorsport;anime-scena,pilota-team,motorsport,anime,manga,career
anime-rookie-prima-griglia-notte.png;rookie prima griglia notte;anime-scena;pilota-team;motorsport;anime-scena,pilota-team,motorsport,anime,manga,career
anime-rookie-rivale-podio-fence.png;rookie rivale podio fence;anime-scena;pilota-team;motorsport;anime-scena,pilota-team,motorsport,anime,manga,career
anime-sponsor-contratto-stretta-mano.png;sponsor contratto stretta mano;anime-scena;pilota-team;motorsport;anime-scena,pilota-team,motorsport,anime,manga,career
anime-sponsor-rifiuto-email-stazione.png;sponsor rifiuto email stazione;anime-scena;pilota-team;motorsport;anime-scena,pilota-team,motorsport,anime,manga,career
anime-sponsor-ufficio-tokyo.png;sponsor ufficio tokyo;anime-scena;pilota-team;motorsport;anime-scena,pilota-team,motorsport,anime,manga,career
anime-stampa-dopo-vittoria.png;stampa dopo vittoria;anime-scena;pilota-team;motorsport;anime-scena,pilota-team,motorsport,anime,manga,career
anime-team-manager-budget-calendario.png;team manager budget calendario;anime-scena;pilota-team;motorsport;anime-scena,pilota-team,motorsport,anime,manga,career
anime-team-manager-discussione-costi.png;team manager discussione costi;anime-scena;pilota-team;motorsport;anime-scena,pilota-team,motorsport,anime,manga,career
anime-team-primo-punto-campionato.png;team primo punto campionato;anime-scena;pilota-team;motorsport;anime-scena,pilota-team,motorsport,anime,manga,career
anime-touring-autografi-bambini.png;touring autografi bambini;touring-gt;pilota-team;touring-gt;touring-gt,pilota-team,touring-gt,anime,manga,career
anime-touring-car-fuji-gara.png;touring car fuji gara;touring-gt;pilota-team;touring-gt;touring-gt,pilota-team,touring-gt,anime,manga,career
anime-touring-car-pit-stop.png;touring car pit stop;touring-gt;pilota-team;touring-gt;touring-gt,pilota-team,touring-gt,anime,manga,career
anime-trasferta-aeroporto-estero.png;trasferta aeroporto estero;anime-scena;pilota-team;motorsport;anime-scena,pilota-team,motorsport,anime,manga,career
anime-trasferta-circuito-montagna-van.png;trasferta circuito montagna van;anime-scena;pilota-team;motorsport;anime-scena,pilota-team,motorsport,anime,manga,career
attivita-corsa.png;attivita corsa;anime-scena;pilota-team;motorsport;anime-scena,pilota-team,motorsport,anime,manga,career
attivita-lavoro.png;attivita lavoro;anime-scena;pilota-team;motorsport;anime-scena,pilota-team,motorsport,anime,manga,career
attivita-massaggio.png;attivita massaggio;anime-scena;pilota-team;motorsport;anime-scena,pilota-team,motorsport,anime,manga,career
attivita-palestra.png;attivita palestra;anime-scena;pilota-team;motorsport;anime-scena,pilota-team,motorsport,anime,manga,career
attivita-pr.png;attivita pr;anime-scena;pilota-team;motorsport;anime-scena,pilota-team,motorsport,anime,manga,career
attivita-riposo.png;attivita riposo;anime-scena;pilota-team;motorsport;anime-scena,pilota-team,motorsport,anime,manga,career
attivita-social.png;attivita social;anime-scena;pilota-team;motorsport;anime-scena,pilota-team,motorsport,anime,manga,career
attivita-tifosi.png;attivita tifosi;anime-scena;pilota-team;motorsport;anime-scena,pilota-team,motorsport,anime,manga,career
calendar-rookie-rain.png;calendar rookie rain;anime-scena;pilota-team;motorsport;anime-scena,pilota-team,motorsport,anime,manga,career
character-genji-arakawa.png;character genji arakawa;anime-scena;genji-arakawa;motorsport;anime-scena,genji-arakawa,motorsport,anime,manga,career
character-genji-arakawa-celebrating.png;character genji arakawa celebrating;anime-scena;genji-arakawa;motorsport;anime-scena,genji-arakawa,motorsport,anime,manga,career
character-genji-arakawa-frustrated.png;character genji arakawa frustrated;anime-scena;genji-arakawa;motorsport;anime-scena,genji-arakawa,motorsport,anime,manga,career
character-genji-arakawa-kart-suspension-dawn.png;character genji arakawa kart suspension dawn;kart;genji-arakawa;kart;kart,genji-arakawa,kart,anime,manga,career
character-genji-arakawa-proud.png;character genji arakawa proud;anime-scena;genji-arakawa;motorsport;anime-scena,genji-arakawa,motorsport,anime,manga,career
character-genji-arakawa-worried.png;character genji arakawa worried;anime-scena;genji-arakawa;motorsport;anime-scena,genji-arakawa,motorsport,anime,manga,career
character-haru-senda with paper.png;character haru senda with paper;anime-scena;haru-senda;motorsport;anime-scena,haru-senda,motorsport,anime,manga,career
character-haru-senda.png;character haru senda;anime-scena;haru-senda;motorsport;anime-scena,haru-senda,motorsport,anime,manga,career
character-haru-senda-anxious-data.png;character haru senda anxious data;anime-scena;haru-senda;motorsport;anime-scena,haru-senda,motorsport,anime,manga,career
character-haru-senda-podium-elated.png;character haru senda podium elated;anime-scena;haru-senda;motorsport;anime-scena,haru-senda,motorsport,anime,manga,career
character-haru-senda-relieved-small-sponsor-kart-paddock.png;character haru senda relieved small sponsor kart paddock;kart;haru-senda;kart;kart,haru-senda,kart,anime,manga,career
character-miki-arisawa.png;character miki arisawa;anime-scena;pilota-team;motorsport;anime-scena,pilota-team,motorsport,anime,manga,career
character-miki-arisawa-rejection-composed.png;character miki arisawa rejection composed;anime-scena;pilota-team;motorsport;anime-scena,pilota-team,motorsport,anime,manga,career
character-miki-arisawa-sponsor-relieved.png;character miki arisawa sponsor relieved;anime-scena;pilota-team;motorsport;anime-scena,pilota-team,motorsport,anime,manga,career
character-miki-arisawa-sponsor-worried.png;character miki arisawa sponsor worried;anime-scena;pilota-team;motorsport;anime-scena,pilota-team,motorsport,anime,manga,career
character-minato-nakahara-touring-penalty.png;character minato nakahara touring penalty;touring-gt;pilota-team;touring-gt;touring-gt,pilota-team,touring-gt,anime,manga,career
character-minoru-nakahara.png;character minoru nakahara;anime-scena;pilota-team;motorsport;anime-scena,pilota-team,motorsport,anime,manga,career
character-noa-minazuki.png;character noa minazuki;anime-scena;pilota-team;motorsport;anime-scena,pilota-team,motorsport,anime,manga,career
character-noa-minazuki-gt-lead-excited.png;character noa minazuki gt lead excited;touring-gt;pilota-team;touring-gt;touring-gt,pilota-team,touring-gt,anime,manga,career
character-rei-kisaragi-concerned.png;character rei kisaragi concerned;anime-scena;rei-kisaragi;motorsport;anime-scena,rei-kisaragi,motorsport,anime,manga,career
character-rei-kisaragi-first-contract-cautious.png;character rei kisaragi first contract cautious;anime-scena;rei-kisaragi;motorsport;anime-scena,rei-kisaragi,motorsport,anime,manga,career
character-rei-kisaragi-relieved.png;character rei kisaragi relieved;anime-scena;rei-kisaragi;motorsport;anime-scena,rei-kisaragi,motorsport,anime,manga,career
character-rei-kisaragi-stern.png;character rei kisaragi stern;anime-scena;rei-kisaragi;motorsport;anime-scena,rei-kisaragi,motorsport,anime,manga,career
character-riku-hayase.png;character riku hayase;anime-scena;riku-hayase;motorsport;anime-scena,riku-hayase,motorsport,anime,manga,career
character-riku-hayase-angry.png;character riku hayase angry;anime-scena;riku-hayase;motorsport;anime-scena,riku-hayase,motorsport,anime,manga,career
character-riku-hayase-defeated.png;character riku hayase defeated;anime-scena;riku-hayase;motorsport;anime-scena,riku-hayase,motorsport,anime,manga,career
character-riku-hayase-formula-qualifying-smug.png;character riku hayase formula qualifying smug;formula;riku-hayase;formula-single-seater;formula,riku-hayase,formula-single-seater,anime,manga,career
character-riku-hayase-smug.png;character riku hayase smug;anime-scena;riku-hayase;motorsport;anime-scena,riku-hayase,motorsport,anime,manga,career
character-riku-hayase-taunting.png;character riku hayase taunting;anime-scena;riku-hayase;motorsport;anime-scena,riku-hayase,motorsport,anime,manga,career
character-shigeo-kanda.png;character shigeo kanda;anime-scena;pilota-team;motorsport;anime-scena,pilota-team,motorsport,anime,manga,career
character-shigeo-kanda-breakthrough-formula.png;character shigeo kanda breakthrough formula;formula;pilota-team;formula-single-seater;formula,pilota-team,formula-single-seater,anime,manga,career
decisione-calendario.png;decisione calendario;anime-scena;pilota-team;motorsport;anime-scena,pilota-team,motorsport,anime,manga,career
decisione-corri-o-salta.png;decisione corri o salta;anime-scena;pilota-team;motorsport;anime-scena,pilota-team,motorsport,anime,manga,career
haru-accordo-stretta-mano.png;haru accordo stretta mano;anime-scena;haru-senda;motorsport;anime-scena,haru-senda,motorsport,anime,manga,career
haru-accordo-stretta-mano-nuovo.png;haru accordo stretta mano nuovo;anime-scena;haru-senda;motorsport;anime-scena,haru-senda,motorsport,anime,manga,career
haru-rifiuto-porta.png;haru rifiuto porta;anime-scena;haru-senda;motorsport;anime-scena,haru-senda,motorsport,anime,manga,career
haru-sponsor-respinto-sulla-porta.png;haru sponsor respinto sulla porta;anime-scena;haru-senda;motorsport;anime-scena,haru-senda,motorsport,anime,manga,career
haru-sponsor-stretta-di-mano-si.png;haru sponsor stretta di mano si;anime-scena;haru-senda;motorsport;anime-scena,haru-senda,motorsport,anime,manga,career
haru-visita-assicurazioni.png;haru visita assicurazioni;anime-scena;haru-senda;motorsport;anime-scena,haru-senda,motorsport,anime,manga,career
haru-visita-ferramenta.png;haru visita ferramenta;anime-scena;haru-senda;motorsport;anime-scena,haru-senda,motorsport,anime,manga,career
haru-visita-fruttivendolo.png;haru visita fruttivendolo;anime-scena;haru-senda;motorsport;anime-scena,haru-senda,motorsport,anime,manga,career
haru-visit-agenzia-assicurativa-rifiuto.png;haru visit agenzia assicurativa rifiuto;anime-scena;haru-senda;motorsport;anime-scena,haru-senda,motorsport,anime,manga,career
haru-visita-gommista.png;haru visita gommista;anime-scena;haru-senda;motorsport;anime-scena,haru-senda,motorsport,anime,manga,career
haru-visita-officina.png;haru visita officina;anime-scena;haru-senda;motorsport;anime-scena,haru-senda,motorsport,anime,manga,career
haru-visita-ramen.png;haru visita ramen;anime-scena;haru-senda;motorsport;anime-scena,haru-senda,motorsport,anime,manga,career
haru-visita-sushi.png;haru visita sushi;anime-scena;haru-senda;motorsport;anime-scena,haru-senda,motorsport,anime,manga,career
haru-visit-ferramenta-sponsor.png;haru visit ferramenta sponsor;anime-scena;haru-senda;motorsport;anime-scena,haru-senda,motorsport,anime,manga,career
haru-visit-fruttivendolo-sponsor.png;haru visit fruttivendolo sponsor;anime-scena;haru-senda;motorsport;anime-scena,haru-senda,motorsport,anime,manga,career
haru-visit-gommista-sponsor.png;haru visit gommista sponsor;anime-scena;haru-senda;motorsport;anime-scena,haru-senda,motorsport,anime,manga,career
haru-visit-ramen-kizuna-sponsor.png;haru visit ramen kizuna sponsor;anime-scena;haru-senda;motorsport;anime-scena,haru-senda,motorsport,anime,manga,career
haru-visit-sushi-poke-sponsor.png;haru visit sushi poke sponsor;anime-scena;haru-senda;motorsport;anime-scena,haru-senda,motorsport,anime,manga,career
manga-01-rookie-dawn.png;manga 01 rookie dawn;anime-scena;pilota-team;motorsport;anime-scena,pilota-team,motorsport,anime,manga,career
manga-03-first-rival.png;manga 03 first rival;anime-scena;pilota-team;motorsport;anime-scena,pilota-team,motorsport,anime,manga,career
manga-04-first-setback.png;manga 04 first setback;anime-scena;pilota-team;motorsport;anime-scena,pilota-team,motorsport,anime,manga,career
manga-05-first-invitation.png;manga 05 first invitation;anime-scena;pilota-team;motorsport;anime-scena,pilota-team,motorsport,anime,manga,career
manga-06-first-contract.png;manga 06 first contract;anime-scena;pilota-team;motorsport;anime-scena,pilota-team,motorsport,anime,manga,career
manga-07-teammate-duel.png;manga 07 teammate duel;anime-scena;pilota-team;motorsport;anime-scena,pilota-team,motorsport,anime,manga,career
manga-08-financial-crisis.png;manga 08 financial crisis;anime-scena;pilota-team;motorsport;anime-scena,pilota-team,motorsport,anime,manga,career
manga-09-first-podium.png;manga 09 first podium;anime-scena;pilota-team;motorsport;anime-scena,pilota-team,motorsport,anime,manga,career
manga-10-first-victory.png;manga 10 first victory;anime-scena;pilota-team;motorsport;anime-scena,pilota-team,motorsport,anime,manga,career
manga-11-promotion.png;manga 11 promotion;anime-scena;pilota-team;motorsport;anime-scena,pilota-team,motorsport,anime,manga,career
manga-12-professional.png;manga 12 professional;anime-scena;pilota-team;motorsport;anime-scena,pilota-team,motorsport,anime,manga,career
manga-13-champion.png;manga 13 champion;anime-scena;pilota-team;motorsport;anime-scena,pilota-team,motorsport,anime,manga,career
manga-endurance-gt3-night-pitstop-rookie-strategy.png;manga endurance gt3 night pitstop rookie strategy;touring-gt;pilota-team;touring-gt;touring-gt,pilota-team,touring-gt,anime,manga,career
manga-endurance-prototype-engine-failure-night.png;manga endurance prototype engine failure night;endurance;pilota-team;endurance-prototype-gt;endurance,pilota-team,endurance-prototype-gt,anime,manga,career
manga-formula1-debutto-griglia.png;manga formula1 debutto griglia;formula;pilota-team;formula-single-seater;formula,pilota-team,formula-single-seater,anime,manga,career
manga-formula1-primo-podio.png;manga formula1 primo podio;formula;pilota-team;formula-single-seater;formula,pilota-team,formula-single-seater,anime,manga,career
manga-formula2-ultimo-gradino.png;manga formula2 ultimo gradino;formula;pilota-team;formula-single-seater;formula,pilota-team,formula-single-seater,anime,manga,career
manga-formula-junior-first-podium-rival.png;manga formula junior first podium rival;formula;pilota-team;formula-single-seater;formula,pilota-team,formula-single-seater,anime,manga,career
manga-formula-junior-new-team-garage-entry.png;manga formula junior new team garage entry;formula;pilota-team;formula-single-seater;formula,pilota-team,formula-single-seater,anime,manga,career
manga-formula-junior-recovery-night-telemetry.png;manga formula junior recovery night telemetry;formula;pilota-team;formula-single-seater;formula,pilota-team,formula-single-seater,anime,manga,career
manga-formula-suzuka-rain-esses-late-braking-rival.png;manga formula suzuka rain esses late braking rival;formula;pilota-team;formula-single-seater;formula,pilota-team,formula-single-seater,anime,manga,career
manga-gt3-endurance-japan-dawn-second-place-team.png;manga gt3 endurance japan dawn second place team;touring-gt;pilota-team;touring-gt;touring-gt,pilota-team,touring-gt,anime,manga,career
manga-gt3-endurance-victory-dawn-team.png;manga gt3 endurance victory dawn team;touring-gt;pilota-team;touring-gt;touring-gt,pilota-team,touring-gt,anime,manga,career
manga-gt3-first-test-japan-paddock.png;manga gt3 first test japan paddock;touring-gt;pilota-team;touring-gt;touring-gt,pilota-team,touring-gt,anime,manga,career
manga-gt3-night-pitstop-strategy-rain.png;manga gt3 night pitstop strategy rain;touring-gt;pilota-team;touring-gt;touring-gt,pilota-team,touring-gt,anime,manga,career
manga-japan-freeroam-transfer-team-van-kart-dawn.png;manga japan freeroam transfer team van kart dawn;kart;pilota-team;kart;kart,pilota-team,kart,anime,manga,career
manga-kart-first-race-riku-monami-first-corner.png;manga kart first race riku monami first corner;kart;riku-hayase;kart;kart,riku-hayase,kart,anime,manga,career
manga-kart-first-rain-test-repaired-chassis.png;manga kart first rain test repaired chassis;kart;pilota-team;kart;kart,pilota-team,kart,anime,manga,career
manga-kart-first-sponsor-agreement-celebration.png;manga kart first sponsor agreement celebration;kart;pilota-team;kart;kart,pilota-team,kart,anime,manga,career
manga-kart-first-sponsor-agreement-local-workshop.png;manga kart first sponsor agreement local workshop;kart;pilota-team;kart;kart,pilota-team,kart,anime,manga,career
manga-kart-first-team-choice-rei-nobu-genji-paddock.png;manga kart first team choice rei nobu genji paddock;kart;rei-kisaragi;kart;kart,rei-kisaragi,kart,anime,manga,career
manga-kart-first-track-test-genji-timing-dawn.png;manga kart first track test genji timing dawn;kart;genji-arakawa;kart;kart,genji-arakawa,kart,anime,manga,career
manga-kart-scrapyard-four-stroke-generator-first-test.png;manga kart scrapyard four stroke generator first test;kart;pilota-team;kart;kart,pilota-team,kart,anime,manga,career
manga-miki-tokyo-gt4-sponsor-budget-negotiation.png;manga miki tokyo gt4 sponsor budget negotiation;touring-gt;pilota-team;touring-gt;touring-gt,pilota-team,touring-gt,anime,manga,career
manga-monami-formula4-suzuka-first-test-determined.png;manga monami formula4 suzuka first test determined;formula;pilota-team;formula-single-seater;formula,pilota-team,formula-single-seater,anime,manga,career
manga-monami-kart-local-victory-celebration.png;manga monami kart local victory celebration;kart;pilota-team;kart;kart,pilota-team,kart,anime,manga,career
manga-night-garage.png;manga night garage;anime-scena;pilota-team;motorsport;anime-scena,pilota-team,motorsport,anime,manga,career
manga-nobu-osaka-kart-sponsor-autoparts-negotiation.png;manga nobu osaka kart sponsor autoparts negotiation;kart;pilota-team;kart;kart,pilota-team,kart,anime,manga,career
manga-nobu-sponsor-rejection-kart-budget-rain.png;manga nobu sponsor rejection kart budget rain;kart;pilota-team;kart;kart,pilota-team,kart,anime,manga,career
manga-rei-suzuka-formula4-practice-crash-frustrated.png;manga rei suzuka formula4 practice crash frustrated;formula;rei-kisaragi;formula-single-seater;formula,rei-kisaragi,formula-single-seater,anime,manga,career
manga-rival-grid.png;manga rival grid;anime-scena;pilota-team;motorsport;anime-scena,pilota-team,motorsport,anime,manga,career
manga-shigeru-motegi-formula3-night-qualifying-coaching.png;manga shigeru motegi formula3 night qualifying coaching;formula;pilota-team;formula-single-seater;formula,pilota-team,formula-single-seater,anime,manga,career
manga-sponsor-meeting-kart-budget-office.png;manga sponsor meeting kart budget office;kart;pilota-team;kart;kart,pilota-team,kart,anime,manga,career
manga-sponsor-table.png;manga sponsor table;anime-scena;pilota-team;motorsport;anime-scena,pilota-team,motorsport,anime,manga,career
manga-team-entry-formula-junior-garage.png;manga team entry formula junior garage;formula;pilota-team;formula-single-seater;formula,pilota-team,formula-single-seater,anime,manga,career
manga-touring-first-race-grid-rookie.png;manga touring first race grid rookie;touring-gt;pilota-team;touring-gt;touring-gt,pilota-team,touring-gt,anime,manga,career
manga-touring-fuji-rain-first-corner-riku-duel.png;manga touring fuji rain first corner riku duel;touring-gt;riku-hayase;touring-gt;touring-gt,riku-hayase,touring-gt,anime,manga,career
manga-touring-fuji-rain-haru-telemetry-garage.png;manga touring fuji rain haru telemetry garage;touring-gt;haru-senda;touring-gt;touring-gt,haru-senda,touring-gt,anime,manga,career
manga-touring-missed-victory-puncture-rain.png;manga touring missed victory puncture rain;touring-gt;pilota-team;touring-gt;touring-gt,pilota-team,touring-gt,anime,manga,career
ui-icons/oggi-test.png;icona oggi prova cronometrata;interfaccia;nessuno;strumentazione;ui,oggi,test,prova,cronometro
ui-icons/oggi-gara.png;icona oggi gara singola;interfaccia;nessuno;vettura-generica;ui,oggi,gara,bandiera
ui-icons/oggi-campionato.png;icona oggi round di campionato;interfaccia;nessuno;trofeo;ui,oggi,campionato,trofeo
ui-icons/oggi-allenamento.png;icona oggi allenamento e recupero;interfaccia;pilota;nessuno;ui,oggi,allenamento,fitness
ui-icons/oggi-sponsor.png;icona oggi ricerca sponsor;interfaccia;haru-senda;nessuno;ui,oggi,sponsor,accordo
ui-icons/oggi-social.png;icona oggi social e pubbliche relazioni;interfaccia;pilota-amici;smartphone;ui,oggi,social,influencer
ui-icons/oggi-mercato.png;icona oggi mercato e trattative;interfaccia;pilota-team;nessuno;ui,oggi,mercato,contratto
ui-icons/oggi-trasferimento.png;icona oggi trasferimento;interfaccia;pilota-team;auto-stradale;ui,oggi,trasferimento,viaggio
ui-icons/oggi-calendario.png;icona oggi giornata di preparazione;interfaccia;nessuno;calendario;ui,oggi,calendario,preparazione
